{"AW":[-69.9696142244999,12.524908758500075],"AF":[67.68954227700013,33.9301393640001],"AO":[11.703950415500131,-16.603107743999992],"AI":[-63.07024085199993,18.222764390000066],"AL":[20.154355916000085,41.14591339150007],"AX":[20.89112389450011,59.9223086610001],"AD":[1.5857735595001259,42.53901957200004],"AE":[53.79631595150016,24.20258209850003],"AR":[-68.61118106196068,-54.84270934442903],"AM":[45.51601200350012,40.63119028750012],"AS":[-168.1667781239999,-14.526340427499917],"AQ":[-162.69359290249992,-82.99098072699991],"-99":[32.8951931575001,34.634748594500095],"TF":[69.92595462300014,-49.53439706849987],"AG":[-61.78087317599993,17.07900625200014],"AU":[158.89763431100013,-54.60987721149997],"AT":[13.334746337500093,47.694208781000086],"AZ":[45.4552146810002,39.31652893050013],"BI":[29.910427083000087,-3.3832032269999033],"BE":[4.44816255734527,50.49573028600008],"BJ":[2.298649942500063,9.306571757398267],"BF":[-1.5662045904998936,12.235895080500114],"BD":[91.91590416800017,21.630641994500095],"BG":[25.47427473600007,42.73326934300003],"BH":[50.54728182759084,26.016058661000045],"BS":[-73.35391828549989,21.126399195000104],"BA":[17.66747928850009,43.92186798150017],"BL":[-62.8294978509999,17.905564683000065],"BY":[27.942588541500072,53.695987142500115],"BZ":[-87.8178197904999,17.345729885000125],"BM":[-64.8162291255568,32.28547910003698],"BO":[-63.566076518499926,-16.28853952999996],"BR":[-48.471201138499936,-27.604180596999853],"BB":[-59.540557420999875,13.197862046500042],"BN":[115.1917590745002,4.611304528000119],"BT":[90.40942163050013,27.527274162393226],"BW":[24.664209838500085,-22.336800841999967],"CF":[20.914283691000108,6.618641052500074],"CA":[-65.60802161399994,43.46808502800015],"CH":[8.21071801750007,46.81094228150005],"CL":[-67.31061764249996,-55.85401783649995],"CN":[111.20069420700008,15.78233470250008],"CI":[-3.195819005519297,5.127405152481629],"CM":[12.35638980750008,7.36784596800009],"CD":[12.869858854500109,-5.914407899499885],"CG":[14.878211582031469,-0.6556773869999051],"CK":[-157.92788652249988,-21.908217055499883],"CO":[-78.15643852049992,2.5958599915001415],"KM":[43.745738152000115,-12.30518971149985],"CV":[-24.72109941299989,14.85238271700014],"CR":[-87.09113522049992,5.536464748000121],"CU":[-78.39476477799997,20.565476792500007],"CW":[-68.9557388989999,12.21641673400007],"KY":[-81.25156423249992,19.329312061500133],"CY":[33.77678023300015,34.983240458885604],"CZ":[15.456787353500076,49.79896403050006],"DE":[6.728811068500107,53.59147776900005],"DJ":[42.58391096650007,11.818868716500084],"DM":[-61.36908932199992,15.417832749000084],"DK":[11.427338087000066,54.79368724200013],"DO":[-71.5042415029999,17.58342112800007],"DZ":[1.6432377520000756,28.03475036900008],"EC":[-80.0873375999999,-2.848443292499908],"EG":[33.979340040000096,26.74943675350012],"ER":[40.16891523500013,15.733140366500024],"ES":[-18.023243781499886,27.74713776250009],"EE":[23.246429883500127,57.804042873500066],"ET":[40.484484497000125,9.141432800500077],"FI":[22.46334882900011,59.86357249600013],"FJ":[174.61003665450025,-21.689670505999906],"FK":[-59.731341626999935,-52.35511762249989],"FO":[-6.804453091499923,61.521612860500085],"FM":[154.80811608150006,0.9229800475001325],"GA":[8.995494011500085,-0.677504164499915],"GB":[-6.296660936999885,49.922552801500075],"GE":[43.34038972821159,42.30997670500011],"GG":[-2.36624101449992,49.42920563350013],"GH":[-1.0372704669999706,7.950032657000072],"GI":[-5.348580120941733,36.12581003250615],"GN":[-11.371786462499955,9.93179799450008],"GM":[-15.324206912999884,13.442496646000109],"GW":[-15.929493781999923,11.124172267500143],"GQ":[5.629120313500096,-1.445733331499888],"GR":[24.09083092550013,34.842271226000065],"GD":[-61.69664466049991,12.121283270500136],"GL":[-43.87889563699996,59.88540273650004],"GT":[-90.23357798360186,15.772461320447256],"GU":[144.7881779305001,13.447577215500097],"GY":[-58.39854895749991,6.928493556500122],"HK":[114.1294458345001,22.20642731300009],"HM":[73.52409915450008,-53.07708098749991],"HN":[-87.6428930329999,13.270005601000094],"HR":[16.869680209500117,42.75669993700012],"HT":[-73.64283199799988,18.08293284700008],"HU":[19.485817912000087,47.15528818800006],"ID":[121.58025149800005,-10.620782159499903],"IM":[-4.55103512299992,54.23798248900013],"IN":[93.78952070400018,6.993699448500131],"IO":[72.42115319150011,-7.350274346999839],"IE":[-9.858591274999924,51.6268374695001],"IR":[55.033213738000256,25.873765367000132],"IQ":[43.666883378500074,33.21931711850007],"IS":[-20.279062466499937,63.42704905800011],"IL":[35.06821170350017,31.448206586500106],"IT":[12.575002475000076,35.50543854350005],"JM":[-77.28132076699991,18.114142157000046],"JE":[-2.125152147499918,49.21918366050005],"JO":[37.12069213084058,31.28081787150006],"JP":[141.46184329500008,24.219732977500072],"KZ":[50.69349205800009,44.91264476100004],"KE":[41.06002851700009,-2.116835218999924],"KG":[74.74192834450011,41.225469258500084],"KH":[103.77466881600003,10.485073146500092],"KI":[-151.80024166549993,-11.423516534499882],"KN":[-62.58157304599992,17.151739813000106],"KR":[126.55738365950012,33.380687060500065],"KW":[48.334352852500075,29.43031390000006],"LA":[103.88071822100011,18.205750326000114],"LB":[35.851860592000094,33.87156412750004],"LR":[-9.43015194049994,6.45631551400006],"LY":[17.221402218000108,26.338674536864076],"LC":[-60.980742967999944,13.913275457500077],"LI":[9.545804484000115,47.157600708500084],"LK":[81.77418053450006,7.609564520500108],"LS":[28.219031616500104,-29.614780374999945],"LT":[21.029062117781237,55.49798104133161],"LU":[6.1087532960000885,49.808149516500066],"LV":[24.592936234500073,56.8710646575001],"MO":[113.55986575600014,22.13560618700008],"MF":[-63.07878577399991,18.07776461706787],"MA":[-9.022871398172569,28.67324512329087],"MC":[7.401602119531589,43.740737315500056],"MD":[28.37473270650007,46.97390391050004],"MG":[49.92074629000007,-16.892388604999994],"MV":[73.1678166025001,-0.6851945944998901],"MX":[-114.75938880099989,18.33972809450009],"MH":[168.72673587300008,4.601426499500157],"MK":[21.726869751000095,41.60986440100008],"ML":[-4.014246378499891,17.567559306500108],"MT":[14.44459069100013,35.89742666250004],"MM":[98.0327661470001,9.812058823500145],"ME":[19.394350626500085,42.70012400650005],"MN":[103.82136783900012,46.85786448200005],"MP":[145.20492597750012,14.156724351000094],"MZ":[32.93897545650012,-26.013400974499888],"MR":[-16.349659796999873,19.665350653500155],"MS":[-62.18533281149992,16.747341213000098],"MU":[57.549611850000105,-20.24838632649994],"MW":[34.70912642450017,-12.062466735999863],"MY":[111.35617109450004,2.572149969500124],"NA":[18.48870100550009,-22.955212707499896],"NC":[167.48694908950014,-22.604343357499836],"NE":[8.061631510000112,17.606562093000072],"NF":[167.9542342460001,-29.03875090949991],"NG":[7.46070397200009,4.466416734000148],"NI":[-83.72069251199987,11.928798732500084],"NU":[-169.86666826049986,-19.053399346999903],"NL":[-68.30370032499988,12.166123765000151],"NO":[3.4161076180000975,-54.421319268499914],"NP":[84.09967757200008,28.380335998500087],"NR":[166.9326278005001,-0.5211320944999115],"NZ":[169.1544577170001,-52.53475071349993],"OM":[55.861298048000066,17.50488922750013],"PK":[67.43043053450012,24.035121974500086],"PA":[-81.7929377919999,7.260117905500131],"PN":[-130.1033015614999,-25.070733331499852],"PE":[-76.19799214449989,-14.277345061499908],"PH":[119.8350122405001,4.808783270000127],"PW":[131.79420006600023,2.963385321000132],"PG":[153.486338738,-11.476698500499836],"PL":[19.133539672500063,51.916168725000105],"PR":[-67.89098059799994,18.084336655500138],"KP":[125.27914472700007,37.73253001500008],"PT":[-16.025502082499955,30.031419175500105],"PY":[-58.44782303899996,-23.43678537999994],"PS":[34.365349381070814,31.397295140499864],"PF":[-144.31586666599992,-27.596205336499935],"QA":[51.18376712300008,25.359986575500045],"RO":[24.9711904265001,45.9624411020001],"RU":[132.43869062600015,42.84636058150008],